record_id,project_or_policy,date,outcome,approval_steps_needed,physical_or_capital_work_indicated,capital_intensity_read,why_it_matters_for_underwriting
JVCC-003,Aqua Mansa Road Development Project,2021-07-15,Approved,"GPA18001; SDP18048; VAR18005; CZ20004; DA18001; EIR; MMRP; Statement of Overriding Considerations","Likely major site-development package: environmental mitigation, public improvements, grading/drainage, traffic/circulation, DA obligations, and variance-driven design work. Exact dollar amounts not in current source layer.","High","Even a 335,002 sf industrial project needed legislative approvals, DA negotiation, CEQA override findings, and mitigation before construction-readiness."
JVCC-006,ZCA21007 Truck Intensive Use Ordinance,2021-12-02,Approved restriction,"Citywide ZCA; moratorium extension; study-area GPA initiation; current code path narrows truck-intensive uses to M-H with CUP","Parcel must be M-H or seek rezoning; CUP-ready site plan must address truck impacts, buffering, circulation, storage controls, and compatibility. If not M-H, entitlement capital starts before site capital.","High for non-M-H parcels","This converts many light-industrial IOS claims into rezoning/CUP projects rather than operational flips."
JVCC-008,The District at Jurupa Valley Specific Plan,2023-09-21,Approved,"Specific Plan; EIR; MMRP; Statement of Overriding Considerations; findings; plan overlays","Plan-level infrastructure, circulation, mitigation, phasing, and overlay compliance. Warehouse/logistics uses are embedded in a master-plan framework rather than raw land conversion.","High","Shows industrial/logistics feasibility where a project can absorb plan-level entitlement and infrastructure burden."
JVCC-009,Rubidoux Commerce Park,2024-01-18,Approved,"CZ21003; DA19001; TPM37677; SDP19008; EIR; MMRP; Statement of Overriding Considerations; Council ordinance adoption","Major CEQA mitigation, parcel map, development agreement obligations, site/circulation improvements, utility/drainage design, and likely truck/traffic conditions. Exact DA obligations need packet pull.","Very high","Best proof that large logistics approval is possible but capital- and process-heavy."
JVCC-010,Rio Vista Specific Plan,2024-09-05,Approved,"Specific Plan; DA; EIR; MMRP; Statement of Overriding Considerations; findings","Plan-level infrastructure, phasing, mitigation, utilities, transportation improvements, and DA obligations across 917.3 acres.","Very high","Industrial capacity can be created, but the cost basis resembles master development, not speculative IOS conversion."
JVCC-011,FC Pallets expansion / MA21108,2025-07-17,Denied,"GPA21004; CZ21005 to M-H; CUP21004; VAR23003; SDP21056","Known concern areas include code compliance, fire/safety, right-of-way truck/trailer activity, compatibility, and findings. Likely physical needs: fire access, hydrants/water, paving/hardscape, stormwater, screening, circulation, and legalizing/removing unpermitted uses.","High even before approval; sunk-risk if denied","Closest IOS-like example: even spending into the M-H/CUP/SDP path may not produce approval."
JVCC-013,I-15 RV and Self-Storage denial / MA20269,2026-02-19,Denied,"GPA21001; CZ21001; TPM39001; CUP21001; SDP21002; MND/MMRP","Would have required land-use redesignation, rezoning, parcel map, CEQA mitigation, site improvements, access/circulation, drainage, screening, and storage/RV operating controls. Denial means entitlement spend did not unlock the use.","High and uncertain","Storage/yard optionality can require full discretionary spend and still fail."
JVCC-014,Bus Dispatch Facility / MA25123 / ZCA25006,2026-08-06,Introduced / first reading agenda,"ZCA25006; Council ordinance to add private bus dispatch in M-SC with CUP; later CUP and development standards likely required for a specific site","If adopted, a site still likely needs CUP package, operating plan, fleet count, circulation, parking, noise, idling, screening, access, and potential traffic analysis.","Medium-high","M-SC dispatch value is emerging, but it is a code-created CUP pathway, not by-right yard value."
JVCC-015,Citywide Freight Analysis Plan and Mobility Element Update,2026-08-06,Policy active,"Council consultant contract amendment for Citywide Freight Analysis Plan and Mobility Element Update","May translate into truck-route limits, frontage/circulation improvements, routing conditions, offsite improvements, or mobility-element constraints for truck-intensive projects.","Medium policy-capital risk","Truck-related site readiness may change as freight policy gets updated."
