evidence_id,case_name,use_type,applicant_or_group,scale,approval_or_denial,outcome_date,decision_body,heavy_lift_evidence,why_it_matters,source_url,confidence,next_gap
JV-BURDEN-001,Agua Mansa Commerce Park Specific Plan,Industrial park / logistics / warehouse,Crestmore Redevelopment LLC,"4.4 million sf industrial park project",Approved / environmental clearance,2020-04-16,City Council / DTSC responsible agency,"City certified final EIR, adopted CEQA findings, adopted Statement of Overriding Considerations, and adopted MMRP; DTSC response-plan NOD describes excavation/remediation of cement kiln dust and concrete contamination before industrial redevelopment","Very large logistics/industrial feasibility exists, but only with full EIR, overriding considerations, mitigation, and contamination response-plan work","https://ceqanet.lci.ca.gov/2017071034/4",High,"Pull City Council resolution, specific plan, DA/use tables, and current status of each building."
JV-BURDEN-002,Aqua Mansa Road Development Project,Industrial buildings / warehouse,Not captured,"Two industrial buildings totaling 335,002 sf on 23.44 acres",Approved,2021-07-15,City Council,"Council adopted GPA18001, SDP18048, and Variance18005; introduced/adopted ordinances approving CZ20004 and DA18001; EIR prepared, mitigation adopted, findings made, and Statement of Overriding Considerations adopted","Even mid-large industrial buildings needed GPA, site development permit, variance, zone change, development agreement, EIR and overriding considerations","https://ceqanet.lci.ca.gov/2020010137/6",High,"Pull Ordinance 2021-14/15, DA18001, staff report, and vote."
JV-BURDEN-003,BRE Space Center Mira Loma Logistics Project,Logistics warehouse,BRE Space Center Mira Loma LLC,"Two new speculative logistics buildings totaling 1,939,312 sf plus retained 172,800 sf building; 105.58 acres",Approved,2021-12-08,Planning Commission,"Planning Commission certified EIR and adopted findings, Statement of Overriding Considerations and MMRP; approved SDP20004 and TPM37872","Largest logistics approval in the evidence set; demonstrates approvals are possible but not ministerial or low-effort","https://ceqanet.lci.ca.gov/2020100565/6",High,"Pull PC packet/minutes, conditions, truck trip assumptions, and tenant restrictions."
JV-BURDEN-004,Rubidoux Commerce Park,Warehouse / distribution / logistics,Proficiency Rubidoux LLC,"Approx. 1.18 million sf industrial park with five buildings on 80.8 acres",Approved,2024-01-18,City Council,"Council certified EIR, made findings, adopted Statement of Overriding Considerations and MMRP; principal discretionary actions included CZ21003, DA19001, TPM37677, and SDP19008; second reading adopted CZ and DA ordinances","Best recent large-logistics proof point: approval required EIR, zone change, development agreement, parcel map, SDP, findings, and overriding considerations","https://ceqanet.lci.ca.gov/2020110449/6",High,"Pull Council minutes, vote, DA terms, conditions, and final building/use mix."
JV-BURDEN-005,The District at Jurupa Valley Specific Plan,Specific plan with warehouse/logistics component,Not captured,"243.1 acres; up to 1,192 residential units; approx. 3 million sf commercial/industrial including warehouse/logistics",Approved,2023-09-21,City Council / CEQA NOD,"Specific Plan replaced prior county plan; EIR prepared; mitigation adopted; Statement of Overriding Considerations and CEQA findings made; warehouse/logistics allowed through Agua Mansa Warehouse and Distribution Overlay on part of site","Warehouse/logistics entitlement can be embedded in master plans, but that is the opposite of a simple IOS entitlement","https://ceqanet.lci.ca.gov/2022040044/5",High,"Pull specific plan, DA21001, overlay map, and use standards."
JV-BURDEN-006,Rio Vista Specific Plan,Specific plan with light industrial/business park,Rio Vista Development Agreement parties not captured,"917.3 acres; 1,269,774 sf light industrial; 1,428,768 sf business park; 1,697 residential units",Approved,2024-09-05,City Council,"New Specific Plan replacing older county plan; EIR prepared; MMRP adopted; Statement of Overriding Considerations and CEQA findings made; Development Agreement induced between City and applicant","Shows industrial/business park capacity is feasible when embedded in massive plan-level EIR and DA structure","https://ceqanet.lci.ca.gov/2018121005/4",High,"Pull DA25002, specific plan, final EIR, and industrial use standards."
JV-BURDEN-007,I-15 RV and Self-Storage Project / MA20269,RV storage / self-storage,Steve Galvez / Jurupa Valley 18 LP,"136,035 sf self-storage plus 77-79 RV spaces; 14.27-acre development area within 86.77-acre site",Denied,2026-02-19,City Council,"Project required GPA from OS-R to CR, CZ from W-1 to C-1/C-P, TPM39001, CUP21001, and SDP21002; CEQA MND circulated; Council agenda carried denial resolution for all requested approvals","Storage and vehicle-storage optionality is not automatic; a CUP plus land-use change path can fail","https://ceqanet.lci.ca.gov/2025030380",High,"Pull denial findings, vote, and staff report."
JV-BURDEN-008,FC Pallets expansion / MA21108,Pallet yard / truck-intensive outdoor storage,Francisco Cortez,"Expansion/legalization of pallet yard at 4247 Campbell Street; APNs 170-250-034 and 170-250-033",Denied,2025-07-17,City Council,"Agenda/video summary identifies requested GPA from Business Park to Heavy Industrial, CZ from M-SC to M-H, CUP21004, VAR23003, and SDP21056 to legalize expansion of pallet yard; denial reported 4-0 after code violations, fire/safety issues, right-of-way truck/trailer issues, and inability to make findings","Closest denial for IOS-like outdoor storage/truck-intensive use; proves M-H/CUP path still does not guarantee approval","https://jurupavalleyca.new.swagit.com/videos/350142",Medium,"Pull official agenda packet, resolution, staff report, and minutes; use CitizenPortal only as secondary context."
JV-BURDEN-009,Pallet yard code standards,Code rule for pallet yards,City of Jurupa Valley,Applies to M-H pallet yards,Current code constraint,Current,Code,"Pallet yards require both SDP and CUP in M-H; code requires outdoor storage areas to be identified, stack height/separation/fire-code controls, parking based on employees/vehicles/storage area, and Planning Commission can suspend/modify/revoke deemed-approved status for nuisance/public health and safety concerns","Code itself shows IOS-like pallet yards are high-control uses, not generic industrial land value","https://library.municode.com/ca/jurupa_valley/codes/municipal_code?nodeId=TIT9PLZO_CH9.240GEPR_S9.240.270VA",High,"Extract full current Sec. 9.240.530 and compare with FC Pallets findings."
