issue,status,resolution_record
Official primary-use classification of modular compute,open,Written county planning classification or final published code amendment
Which Tier 4 IOS row covers the proposed operations,open,Specific operating profile and written planning classification
Whether primary fleet charging is distinct from accessory EV charging,open,Written planning classification against final codified Section 4.2.61
Whether combined uses can coexist on one parcel,open,Approved site plan and written classification of each primary or accessory use
Current moratorium after July 7 2026 action,closed,Board minutes approve 2026-1109 by 6-1 and attached resolution sets March 30 2027 expiration
Any action after March 30 2027,open,Later Board record or expiration check when date arrives
Site utility service and capacity,open,Site-specific utility service response or availability letter
Site floodplain and permit history,partial,County floodplain map and parcel permit record
Nearby residential and noise exposure,partial,Survey and site-specific acoustic and traffic data
