case_id,case_name,jurisdiction,submarket_or_corridor,record_month,request_or_use,lead_group,scale,entitlement_stage,verified_outcome,why_it_matters,headline_risk,source_url
JC-2026-ORCHID,Project Orchid / McClure Industrial Park,City of Jefferson,I-85 / Raford Wilson Road / airport,March-July 2026,Metal manufacturing plant LI condition modification / CUP / variance / DRI,Pattillo Industrial Real Estate / Stone Mountain Industrial Park Inc.,504440 SF initial with potential expansion to roughly 1M SF on 157.99 acres,DRI final report plus Jefferson PC staff packet,Jefferson PC staff reports and presentation packet found; final council vote still open,Fresh large-manufacturing signal inside existing McClure Industrial Park; city issued official water-use correction clarifying 6M gallons per month not per day,Water allocation no-new-traffic-study position buffer reduction impervious-surface increase parking variance stream/watershed impacts and community scrutiny,https://jeffersoncityga.iqm2.com/Citizens/Detail_Meeting.aspx?ID=1717
JC-2026-CHOICE,Choice Equipment Company - Airport Road,Unincorporated Jackson County,Airport Road / Jefferson water-sewer service area,July 2026,A-2 to GI rezoning plus Character Area to Urban and FLUM to Industrial,Choice Equipment Company,860600 SF industrial / maintenance space on 109 acres,DRI final report and county local action to verify,DRI complete / county final action still open,Newest county industrial conversion signal; DRI verifies requested GI and plan-map changes,Airport Road truck routing utility lifecycle cost stream buffers and local conditions,https://negrc.org/planning-government-services/documents-resources/
JC-2025-RUSH,Rush Truck Centers condition modification and truck service,City of Jefferson,I-85 / Hog Mountain Road / Valentine Industrial Parkway,November 2025,Modify conditional LI zoning and allow truck service,Rush Truck Centers of Georgia Inc. / Eberly and Associates,14.63 acres,Official Jefferson PC agenda plus Council voting packet staff report and ordinance attachment,Council voting packet found with staff/PC approval recommendations and draft R-25-J05 conditions; signed/final vote still open,Truck-oriented use is being advanced in an existing conditional LI location south of I-85,Building cap 79279 SF / 13 pct site coverage stormwater prerequisite two Hog Mountain curb cuts and legacy-condition reset,https://jeffersoncityga.iqm2.com/Citizens/Detail_Meeting.aspx?ID=1689
JC-2025-RACETRAC,RaceTrac Extended Diesel Offer,City of Jefferson,Hog Mountain Road and US 129 near I-85,April 2025,Travel center with truck diesel fueling and scale,RaceTrac Inc.,8100 SF travel center plus 8 truck diesel pumps on 28 acres,DRI triggered by permit request,DRI complete / host permit disposition still open,Truck-support services near existing interstate commercial and industrial infrastructure remain active,Fuel-spill controls air emissions underground tanks and circulation,https://negrc.org/uploads/sites/4/2025/04/DRI4420.RacetracExtendedDieselOffer.Jefferson.FinalReport.pdf
JC-2024-J85N,Jackson 85 North Business Park,City of Pendergrass,I-85 / Pendergrass,September 2024,Speculative industrial warehouses,Trammell Crow Company / CBRE Investment Management,1556350 SF phase one on 215 acres with phase two planned,Construction and delivery / municipal entitlement history to verify,Phase one delivery verified by developer and market sources; local entitlement chain still open,Clear proof of institutional-grade warehouse delivery inside the I-85 node,Leasing absorption phase-two timing municipal records and downstream traffic,http://www.trammellcrow.com/projects/jackson-85-north
JC-2024-PENDERGRASS-ASSEMBLAGE,Pendergrass Assemblage,City of Pendergrass / unincorporated edge,Near Pendergrass / Brooks Road,August 2024,Residential annexation and rezoning signal included as non-industrial context,Stolz Partners LLC,560 residential units on 258 acres,DRI final report / local action to verify,DRI complete / non-industrial context item,Useful contrast case for annexation pressure around Pendergrass but not an industrial approval comp,Do not treat as industrial precedent; relevance is growth context and annexation path,https://negrc.org/planning-government-services/documents-resources/
JC-2024-HWY124,Hwy 124 / Maddox Road trucking drop lot,Unincorporated Jackson County,Hwy 124 / Maddox-Tom White Road,August 2024,A-2 to HRC for convenience store trucking drop lot and baseball training facility,Applicant not identified in prior packet,3000-4000 SF highway commercial on 15.58 acres plus truck drop lot,DRI final report and county final action to verify,Adverse DRI plan-compatibility signal / final local action still open,Shows truck/drop-lot use outside a supportive plan context can create a high-friction entitlement profile,Residential FLUM conflict home displacement truck intensity and local-road fit,https://negrc.org/planning-government-services/documents-resources/
JC-2024-QUARRY,East Jackson Quarry,Unincorporated Jackson County,East Jackson / US 441 / North Oconee River context,October 2024,Heavy industrial quarry,Applicant not identified in prior packet,877 acres,DRI final report and county final action to verify,Adverse DRI compatibility signal / final local action still open,Negative compatibility finding illustrates the outer boundary of county industrial tolerance outside planned industrial character areas,Heavy-truck traffic noise dust runoff water resources groundwater recharge protected river overlay and plan conflict,https://negrc.org/uploads/sites/4/2024/10/DRI4277.FinalReport.pdf
JC-2024-COMMERCE-TAYLOR,Taylor & Mathis Commerce distribution center / truck terminal,City of Commerce,Commerce / I-85 / US 441 / Ridgeway Church Road / Banks Crossing edge,October-November 2024,Annexation rezoning to M-1 and conditional use for distribution center with truck terminals and warehouse/storage,Taylor & Mathis Inc. c/o Mahaffey Pickens Tucker LLP; Anthony L. Wood Jr. and Benjamin A. Wood owners,"121.373-acre project total; 91.350 acres annexed; 115.594 acres in City after approval; 5.779 acres left in county undeveloped",Planning Commission recommendation plus City Council final action,Final local approval verified unanimously by Commerce City Council on Nov. 18 2024,Important Commerce municipal industrial comp missed by the initial county/Jefferson/Pendergrass-heavy pass; verifies City M-1 path for distribution/truck terminal use,Conditions include vegetative buffer along Steve Reynolds Parkway entries excluded parcel-combination requirement and final plat conditions; remaining county land across creek left undeveloped,https://commercega.granicus.com/MinutesViewer.php?view_id=1&clip_id=409&doc_id=7aa825a7-6685-11f0-b7f5-005056a89546
JC-2023-PETERBILT,7-Eleven / Peterbilt dealership,Unincorporated Jackson County,Holly Springs Road / Bill Wright Road / I-85 truck-support area,April 2023,HRC rezoning plus truck-stop special use,Axis Hutton,15.8 acres with convenience store Peterbilt facility diesel fueling truck scale and parking,DRI final report and county final action to verify,DRI complete / local disposition still open,Core truck-service precedent candidate near I-85 and Bill Wright Road,Fuel/spill controls curb cuts truck circulation special-use conditions and original zoning confirmation,https://negrc.org/planning-government-services/documents-resources/
JC-2022-JACKSONFARMS,Jackson Farms Industrial Park,City of Pendergrass / unincorporated annexation path,US 129 with I-85 connectivity,February 2022,Annexation and rezoning for industrial warehouse park,PDC Atlanta LPIV LLC,1700660 SF across 4 buildings on 262 acres,DRI review and municipal annexation/rezoning path,DRI complete / local Pendergrass disposition still open,Industrial designation plus water sewer arterial access and a buffer to Country Living areas produced a favorable compatibility finding,Noise light hazards wetlands grading annexation sequence and riparian buffers,https://negrc.org/uploads/sites/4/2022/02/DRI3553.JacksonFarmsIndustrialPark.Pendergrass.FinalReport.pdf
JC-2022-HOGMOUNTAIN,Hog Mountain Site,City of Jefferson / annexation path,Hog Mountain Road / Valentine Industrial Parkway / US 129,June 2022,Annexation rezoning to LI and three variances,Oakmont Pacolet Acquisitions LLC,1613750 SF across 2 warehouses on 125 acres,DRI final report and Jefferson final action to verify,DRI complete / Jefferson final local action still open,Strong plan-alignment comp: county Urban character and Industrial FLUM supported logical extension into Jefferson LI,WWTP timing traffic signal/turn lanes trailer parking homes and stormwater variance conditions,https://negrc.org/planning-government-services/documents-resources/
JC-2022-VALENTINE-DRI,Valentine Business Center,Unincorporated Jackson County,Bill Wright Road / I-85 industrial area,June-July 2022,A-2 parcels to GI for warehouse business center,CBD Investments LLC,2543300 SF warehouse space on 331 acres,DRI final report plus BOC final rezoning action for RZ-22-0122 and RZ-22-0123,Final local approval verified 3-0 with two conditions,Large greenfield GI warehouse comp in mostly Urban / Industrial plan context,Road realignment approval stream/zoning buffers wetlands floodplain cemetery relocation trailer intensity and infrastructure lifecycle cost,https://www.jacksoncountygov.com/AgendaCenter/ViewFile/Minutes/_07182022-492
JC-2022-TOMWHITE,Tom White Road / East Group office-distribution business park,Unincorporated Jackson County,Tom White Road / Hwy 124 / Braselton area,May 2022,A-2 to LI for business park with office-distribution buildings,East Group Properties,41.67 acres across RZ-22-0116 and RZ-22-0117; two office-distribution buildings totaling roughly 250000 SF or less in staff framing,BOC final rezoning action,Final local approval verified 4-0 with two conditions,Useful official local LI approval comp with road-upgrade and buffer conditions,Tom White Road upgrades stream and zoning buffers and scale clarification,https://www.jacksoncountygov.com/AgendaCenter/ViewFile/Minutes/_05162022-480
JC-2022-JACKSONQUARRY,Jackson Quarry / Vulcan expansion,Unincorporated Jackson County,Valentine Industrial Parkway / Bill Wright Road / I-85,March-April 2022,GI and A-2 to HI plus special use for mining,Calmat Co. / Vulcan Materials Company,200-acre quarry expansion adjacent to 100-acre existing mine,DRI and BOC final rezoning/special-use action,Final local approval verified 3-2 with eight conditions,Heavy-industrial case shows approvals can occur in industrial FLUM/Urban context but become politically narrow and condition-heavy,Blasting noise dust health traffic homes stream buffers road upgrades and I-85 screening,https://www.jacksoncountygov.com/AgendaCenter/ViewFile/Minutes/_04182022-476
JC-2022-WAYNE,Hardie Real Estate Group Wayne Poultry Road map amendments,Unincorporated Jackson County,Wayne Poultry Road / Pendergrass I-85 node,February 2022,Future land use change from Commercial to Industrial,Hardie Real Estate Group LLC / Stanton Porter,141.21 acres across 4 tracts,Map amendment followed by intended LI rezoning,County BOC approved all 4 map amendments unanimously 4-0,When land is already in an Urban character area and serviceable industrial vicinity the county has supported industrial FLUM conversion,Traffic bridge safety rural-character concern and stream protection,https://www.jacksoncountygov.com/AgendaCenter/ViewFile/Minutes/_02212022-465
JC-2022-WHOVILLE,Whoville Partners Old State Road map amendment,Unincorporated Jackson County,Near Pendergrass / Old State Road,January-March 2022,Change character area Agriculture to Urban and FLUM Agricultural/Forestry to Industrial,Whoville Partners LLC / Stanton Porter,197.276 acres,Map amendment,Withdrawn without prejudice accepted 5-0 by BOC on March 21 2022,Direct evidence that industrial conversion from agricultural character/FLUM is a materially harder path,Plan inconsistency environmental constraints bridge/traffic issue petition opposition and rural conversion,https://www.jacksoncountygov.com/AgendaCenter/ViewFile/Minutes/_03212022-470
JC-2022-INGRAM,Ingram Lord and Associates Ila Road rezone,Unincorporated Jackson County,Commerce / Nicholson area,February 2022,Rezone A-2 to GI for industrial use,Ingram Lord and Associates / Barry Lord,16.956 acres,Rezoning,Final local approval verified 4-0 with two conditions,Smaller GI conversion advanced where applicant framed use as long-existing and conditions handled A-2 buffers,150-foot A-2 buffers 40-foot frontage buffer and future UDC compliance,https://www.jacksoncountygov.com/AgendaCenter/ViewFile/Minutes/_02212022-465
JC-2021-CONCORD,Concord Road Light Industrial,City of Jefferson,Concord Road / US 129 / I-85,August 2021,C-2 to LI plus stream-buffer variance,Johnnie Hastings / Integrity Development Group,1163920 SF industrial plus 64000 SF commercial on 157.08 acres,DRI final report plus Jefferson PC/Council packet and ordinance attachments,Official local packet found; PC recommended approval 6-0 with conditions and Council packet includes R-21-J02/V-21-J06 ordinance attachments; final signed vote still open,Important commercial-to-LI conversion comp in Jefferson I-85 industrial pattern,Commercial FLUM mismatch stream-buffer reduction to 25 ft road improvements cemetery condition traffic and five-year DRI re-review timing,https://jeffersoncityga.iqm2.com/Citizens/Detail_Meeting.aspx?ID=1470
JC-2021-FORTUNE,Project Fortune,City of Pendergrass,US 129 North / Pendergrass,June 2021,Warehouse development / local permits to identify,Lead group not stated in reviewed DRI,At least 3000000 SF warehousing on 291 acres,DRI final report and Pendergrass local action to verify,DRI complete / local municipal action still open,Very large warehouse precedent candidate in Pendergrass rapid-development area,Lack of site plan in DRI applicant identification municipal approvals and current buildout,https://negrc.org/planning-government-services/documents-resources/
