"term","cid","no_results","links","snippet"
"Choice Equipment","3","True","","Agenda Center • Jackson County, GA • CivicEngage Skip to Main Content Create a Website Account - Manage notification subscriptions, save form progress and more. Website Sign In Government Services Community Business How Do I... Search Home Agenda Center Agenda Center View current agendas and minutes for all boards and commissions. Previous years' agendas and minutes can be found in the Document Center . Adobe Reader may be required to view some documents. Tools RSS Notify Me® Search Agendas by: "
"Choice Equipment","5","True","","Agenda Center • Jackson County, GA • CivicEngage Skip to Main Content Create a Website Account - Manage notification subscriptions, save form progress and more. Website Sign In Government Services Community Business How Do I... Search Home Agenda Center Agenda Center View current agendas and minutes for all boards and commissions. Previous years' agendas and minutes can be found in the Document Center . Adobe Reader may be required to view some documents. Tools RSS Notify Me® Search Agendas by: "
"Airport Road","3","True","","Agenda Center • Jackson County, GA • CivicEngage Skip to Main Content Create a Website Account - Manage notification subscriptions, save form progress and more. Website Sign In Government Services Community Business How Do I... Search Home Agenda Center Agenda Center View current agendas and minutes for all boards and commissions. Previous years' agendas and minutes can be found in the Document Center . Adobe Reader may be required to view some documents. Tools RSS Notify Me® Search Agendas by: "
"Airport Road","5","True","","Agenda Center • Jackson County, GA • CivicEngage Skip to Main Content Create a Website Account - Manage notification subscriptions, save form progress and more. Website Sign In Government Services Community Business How Do I... Search Home Agenda Center Agenda Center View current agendas and minutes for all boards and commissions. Previous years' agendas and minutes can be found in the Document Center . Adobe Reader may be required to view some documents. Tools RSS Notify Me® Search Agendas by: "
"066 003","3","True","","Agenda Center • Jackson County, GA • CivicEngage Skip to Main Content Create a Website Account - Manage notification subscriptions, save form progress and more. Website Sign In Government Services Community Business How Do I... Search Home Agenda Center Agenda Center View current agendas and minutes for all boards and commissions. Previous years' agendas and minutes can be found in the Document Center . Adobe Reader may be required to view some documents. Tools RSS Notify Me® Search Agendas by: "
"066 003","5","True","","Agenda Center • Jackson County, GA • CivicEngage Skip to Main Content Create a Website Account - Manage notification subscriptions, save form progress and more. Website Sign In Government Services Community Business How Do I... Search Home Agenda Center Agenda Center View current agendas and minutes for all boards and commissions. Previous years' agendas and minutes can be found in the Document Center . Adobe Reader may be required to view some documents. Tools RSS Notify Me® Search Agendas by: "
"Valentine Business Center","3","True","","Agenda Center • Jackson County, GA • CivicEngage Skip to Main Content Create a Website Account - Manage notification subscriptions, save form progress and more. Website Sign In Government Services Community Business How Do I... Search Home Agenda Center Agenda Center View current agendas and minutes for all boards and commissions. Previous years' agendas and minutes can be found in the Document Center . Adobe Reader may be required to view some documents. Tools RSS Notify Me® Search Agendas by: "
"Valentine Business Center","5","True","","Agenda Center • Jackson County, GA • CivicEngage Skip to Main Content Create a Website Account - Manage notification subscriptions, save form progress and more. Website Sign In Government Services Community Business How Do I... Search Home Agenda Center Agenda Center View current agendas and minutes for all boards and commissions. Previous years' agendas and minutes can be found in the Document Center . Adobe Reader may be required to view some documents. Tools RSS Notify Me® Search Agendas by: "
"CBD Investments","3","True","","Agenda Center • Jackson County, GA • CivicEngage Skip to Main Content Create a Website Account - Manage notification subscriptions, save form progress and more. Website Sign In Government Services Community Business How Do I... Search Home Agenda Center Agenda Center View current agendas and minutes for all boards and commissions. Previous years' agendas and minutes can be found in the Document Center . Adobe Reader may be required to view some documents. Tools RSS Notify Me® Search Agendas by: "
"CBD Investments","5","True","","Agenda Center • Jackson County, GA • CivicEngage Skip to Main Content Create a Website Account - Manage notification subscriptions, save form progress and more. Website Sign In Government Services Community Business How Do I... Search Home Agenda Center Agenda Center View current agendas and minutes for all boards and commissions. Previous years' agendas and minutes can be found in the Document Center . Adobe Reader may be required to view some documents. Tools RSS Notify Me® Search Agendas by: "
"Bill Wright","3","True","","Agenda Center • Jackson County, GA • CivicEngage Skip to Main Content Create a Website Account - Manage notification subscriptions, save form progress and more. Website Sign In Government Services Community Business How Do I... Search Home Agenda Center Agenda Center View current agendas and minutes for all boards and commissions. Previous years' agendas and minutes can be found in the Document Center . Adobe Reader may be required to view some documents. Tools RSS Notify Me® Search Agendas by: "
"Bill Wright","5","True","","Agenda Center • Jackson County, GA • CivicEngage Skip to Main Content Create a Website Account - Manage notification subscriptions, save form progress and more. Website Sign In Government Services Community Business How Do I... Search Home Agenda Center Agenda Center View current agendas and minutes for all boards and commissions. Previous years' agendas and minutes can be found in the Document Center . Adobe Reader may be required to view some documents. Tools RSS Notify Me® Search Agendas by: "
"078 029","3","True","","Agenda Center • Jackson County, GA • CivicEngage Skip to Main Content Create a Website Account - Manage notification subscriptions, save form progress and more. Website Sign In Government Services Community Business How Do I... Search Home Agenda Center Agenda Center View current agendas and minutes for all boards and commissions. Previous years' agendas and minutes can be found in the Document Center . Adobe Reader may be required to view some documents. Tools RSS Notify Me® Search Agendas by: "
"078 029","5","True","","Agenda Center • Jackson County, GA • CivicEngage Skip to Main Content Create a Website Account - Manage notification subscriptions, save form progress and more. Website Sign In Government Services Community Business How Do I... Search Home Agenda Center Agenda Center View current agendas and minutes for all boards and commissions. Previous years' agendas and minutes can be found in the Document Center . Adobe Reader may be required to view some documents. Tools RSS Notify Me® Search Agendas by: "
"091 013","3","True","","Agenda Center • Jackson County, GA • CivicEngage Skip to Main Content Create a Website Account - Manage notification subscriptions, save form progress and more. Website Sign In Government Services Community Business How Do I... Search Home Agenda Center Agenda Center View current agendas and minutes for all boards and commissions. Previous years' agendas and minutes can be found in the Document Center . Adobe Reader may be required to view some documents. Tools RSS Notify Me® Search Agendas by: "
"091 013","5","True","","Agenda Center • Jackson County, GA • CivicEngage Skip to Main Content Create a Website Account - Manage notification subscriptions, save form progress and more. Website Sign In Government Services Community Business How Do I... Search Home Agenda Center Agenda Center View current agendas and minutes for all boards and commissions. Previous years' agendas and minutes can be found in the Document Center . Adobe Reader may be required to view some documents. Tools RSS Notify Me® Search Agendas by: "
"7-Eleven","3","True","","Agenda Center • Jackson County, GA • CivicEngage Skip to Main Content Create a Website Account - Manage notification subscriptions, save form progress and more. Website Sign In Government Services Community Business How Do I... Search Home Agenda Center Agenda Center View current agendas and minutes for all boards and commissions. Previous years' agendas and minutes can be found in the Document Center . Adobe Reader may be required to view some documents. Tools RSS Notify Me® Search Agendas by: "
"7-Eleven","5","True","","Agenda Center • Jackson County, GA • CivicEngage Skip to Main Content Create a Website Account - Manage notification subscriptions, save form progress and more. Website Sign In Government Services Community Business How Do I... Search Home Agenda Center Agenda Center View current agendas and minutes for all boards and commissions. Previous years' agendas and minutes can be found in the Document Center . Adobe Reader may be required to view some documents. Tools RSS Notify Me® Search Agendas by: "
"Peterbilt","3","True","","Agenda Center • Jackson County, GA • CivicEngage Skip to Main Content Create a Website Account - Manage notification subscriptions, save form progress and more. Website Sign In Government Services Community Business How Do I... Search Home Agenda Center Agenda Center View current agendas and minutes for all boards and commissions. Previous years' agendas and minutes can be found in the Document Center . Adobe Reader may be required to view some documents. Tools RSS Notify Me® Search Agendas by: "
"Peterbilt","5","True","","Agenda Center • Jackson County, GA • CivicEngage Skip to Main Content Create a Website Account - Manage notification subscriptions, save form progress and more. Website Sign In Government Services Community Business How Do I... Search Home Agenda Center Agenda Center View current agendas and minutes for all boards and commissions. Previous years' agendas and minutes can be found in the Document Center . Adobe Reader may be required to view some documents. Tools RSS Notify Me® Search Agendas by: "
"Axis Hutton","3","True","","Agenda Center • Jackson County, GA • CivicEngage Skip to Main Content Create a Website Account - Manage notification subscriptions, save form progress and more. Website Sign In Government Services Community Business How Do I... Search Home Agenda Center Agenda Center View current agendas and minutes for all boards and commissions. Previous years' agendas and minutes can be found in the Document Center . Adobe Reader may be required to view some documents. Tools RSS Notify Me® Search Agendas by: "
"Axis Hutton","5","True","","Agenda Center • Jackson County, GA • CivicEngage Skip to Main Content Create a Website Account - Manage notification subscriptions, save form progress and more. Website Sign In Government Services Community Business How Do I... Search Home Agenda Center Agenda Center View current agendas and minutes for all boards and commissions. Previous years' agendas and minutes can be found in the Document Center . Adobe Reader may be required to view some documents. Tools RSS Notify Me® Search Agendas by: "
"078/009A","3","True","","Agenda Center • Jackson County, GA • CivicEngage Skip to Main Content Create a Website Account - Manage notification subscriptions, save form progress and more. Website Sign In Government Services Community Business How Do I... Search Home Agenda Center Agenda Center View current agendas and minutes for all boards and commissions. Previous years' agendas and minutes can be found in the Document Center . Adobe Reader may be required to view some documents. Tools RSS Notify Me® Search Agendas by: "
"078/009A","5","True","","Agenda Center • Jackson County, GA • CivicEngage Skip to Main Content Create a Website Account - Manage notification subscriptions, save form progress and more. Website Sign In Government Services Community Business How Do I... Search Home Agenda Center Agenda Center View current agendas and minutes for all boards and commissions. Previous years' agendas and minutes can be found in the Document Center . Adobe Reader may be required to view some documents. Tools RSS Notify Me® Search Agendas by: "
"065/001","3","True","","Agenda Center • Jackson County, GA • CivicEngage Skip to Main Content Create a Website Account - Manage notification subscriptions, save form progress and more. Website Sign In Government Services Community Business How Do I... Search Home Agenda Center Agenda Center View current agendas and minutes for all boards and commissions. Previous years' agendas and minutes can be found in the Document Center . Adobe Reader may be required to view some documents. Tools RSS Notify Me® Search Agendas by: "
"065/001","5","True","","Agenda Center • Jackson County, GA • CivicEngage Skip to Main Content Create a Website Account - Manage notification subscriptions, save form progress and more. Website Sign In Government Services Community Business How Do I... Search Home Agenda Center Agenda Center View current agendas and minutes for all boards and commissions. Previous years' agendas and minutes can be found in the Document Center . Adobe Reader may be required to view some documents. Tools RSS Notify Me® Search Agendas by: "
"Hwy 124","3","True","","Agenda Center • Jackson County, GA • CivicEngage Skip to Main Content Create a Website Account - Manage notification subscriptions, save form progress and more. Website Sign In Government Services Community Business How Do I... Search Home Agenda Center Agenda Center View current agendas and minutes for all boards and commissions. Previous years' agendas and minutes can be found in the Document Center . Adobe Reader may be required to view some documents. Tools RSS Notify Me® Search Agendas by: "
"Hwy 124","5","True","","Agenda Center • Jackson County, GA • CivicEngage Skip to Main Content Create a Website Account - Manage notification subscriptions, save form progress and more. Website Sign In Government Services Community Business How Do I... Search Home Agenda Center Agenda Center View current agendas and minutes for all boards and commissions. Previous years' agendas and minutes can be found in the Document Center . Adobe Reader may be required to view some documents. Tools RSS Notify Me® Search Agendas by: "
"Maddox","3","True","","Agenda Center • Jackson County, GA • CivicEngage Skip to Main Content Create a Website Account - Manage notification subscriptions, save form progress and more. Website Sign In Government Services Community Business How Do I... Search Home Agenda Center Agenda Center View current agendas and minutes for all boards and commissions. Previous years' agendas and minutes can be found in the Document Center . Adobe Reader may be required to view some documents. Tools RSS Notify Me® Search Agendas by: "
"Maddox","5","True","","Agenda Center • Jackson County, GA • CivicEngage Skip to Main Content Create a Website Account - Manage notification subscriptions, save form progress and more. Website Sign In Government Services Community Business How Do I... Search Home Agenda Center Agenda Center View current agendas and minutes for all boards and commissions. Previous years' agendas and minutes can be found in the Document Center . Adobe Reader may be required to view some documents. Tools RSS Notify Me® Search Agendas by: "
"112 020","3","True","","Agenda Center • Jackson County, GA • CivicEngage Skip to Main Content Create a Website Account - Manage notification subscriptions, save form progress and more. Website Sign In Government Services Community Business How Do I... Search Home Agenda Center Agenda Center View current agendas and minutes for all boards and commissions. Previous years' agendas and minutes can be found in the Document Center . Adobe Reader may be required to view some documents. Tools RSS Notify Me® Search Agendas by: "
"112 020","5","True","","Agenda Center • Jackson County, GA • CivicEngage Skip to Main Content Create a Website Account - Manage notification subscriptions, save form progress and more. Website Sign In Government Services Community Business How Do I... Search Home Agenda Center Agenda Center View current agendas and minutes for all boards and commissions. Previous years' agendas and minutes can be found in the Document Center . Adobe Reader may be required to view some documents. Tools RSS Notify Me® Search Agendas by: "
"East Jackson Quarry","3","True","","Agenda Center • Jackson County, GA • CivicEngage Skip to Main Content Create a Website Account - Manage notification subscriptions, save form progress and more. Website Sign In Government Services Community Business How Do I... Search Home Agenda Center Agenda Center View current agendas and minutes for all boards and commissions. Previous years' agendas and minutes can be found in the Document Center . Adobe Reader may be required to view some documents. Tools RSS Notify Me® Search Agendas by: "
"East Jackson Quarry","5","True","","Agenda Center • Jackson County, GA • CivicEngage Skip to Main Content Create a Website Account - Manage notification subscriptions, save form progress and more. Website Sign In Government Services Community Business How Do I... Search Home Agenda Center Agenda Center View current agendas and minutes for all boards and commissions. Previous years' agendas and minutes can be found in the Document Center . Adobe Reader may be required to view some documents. Tools RSS Notify Me® Search Agendas by: "
"017 081","3","True","","Agenda Center • Jackson County, GA • CivicEngage Skip to Main Content Create a Website Account - Manage notification subscriptions, save form progress and more. Website Sign In Government Services Community Business How Do I... Search Home Agenda Center Agenda Center View current agendas and minutes for all boards and commissions. Previous years' agendas and minutes can be found in the Document Center . Adobe Reader may be required to view some documents. Tools RSS Notify Me® Search Agendas by: "
"017 081","5","True","","Agenda Center • Jackson County, GA • CivicEngage Skip to Main Content Create a Website Account - Manage notification subscriptions, save form progress and more. Website Sign In Government Services Community Business How Do I... Search Home Agenda Center Agenda Center View current agendas and minutes for all boards and commissions. Previous years' agendas and minutes can be found in the Document Center . Adobe Reader may be required to view some documents. Tools RSS Notify Me® Search Agendas by: "
"Whoville","3","True","","Agenda Center • Jackson County, GA • CivicEngage Skip to Main Content Create a Website Account - Manage notification subscriptions, save form progress and more. Website Sign In Government Services Community Business How Do I... Search Home Agenda Center Agenda Center View current agendas and minutes for all boards and commissions. Previous years' agendas and minutes can be found in the Document Center . Adobe Reader may be required to view some documents. Tools RSS Notify Me® Search Agendas by: "
"Whoville","5","True","","Agenda Center • Jackson County, GA • CivicEngage Skip to Main Content Create a Website Account - Manage notification subscriptions, save form progress and more. Website Sign In Government Services Community Business How Do I... Search Home Agenda Center Agenda Center View current agendas and minutes for all boards and commissions. Previous years' agendas and minutes can be found in the Document Center . Adobe Reader may be required to view some documents. Tools RSS Notify Me® Search Agendas by: "
"Old State Road","3","True","","Agenda Center • Jackson County, GA • CivicEngage Skip to Main Content Create a Website Account - Manage notification subscriptions, save form progress and more. Website Sign In Government Services Community Business How Do I... Search Home Agenda Center Agenda Center View current agendas and minutes for all boards and commissions. Previous years' agendas and minutes can be found in the Document Center . Adobe Reader may be required to view some documents. Tools RSS Notify Me® Search Agendas by: "
"Old State Road","5","True","","Agenda Center • Jackson County, GA • CivicEngage Skip to Main Content Create a Website Account - Manage notification subscriptions, save form progress and more. Website Sign In Government Services Community Business How Do I... Search Home Agenda Center Agenda Center View current agendas and minutes for all boards and commissions. Previous years' agendas and minutes can be found in the Document Center . Adobe Reader may be required to view some documents. Tools RSS Notify Me® Search Agendas by: "
"MA-21-0088","3","True","","Agenda Center • Jackson County, GA • CivicEngage Skip to Main Content Create a Website Account - Manage notification subscriptions, save form progress and more. Website Sign In Government Services Community Business How Do I... Search Home Agenda Center Agenda Center View current agendas and minutes for all boards and commissions. Previous years' agendas and minutes can be found in the Document Center . Adobe Reader may be required to view some documents. Tools RSS Notify Me® Search Agendas by: "
"MA-21-0088","5","True","","Agenda Center • Jackson County, GA • CivicEngage Skip to Main Content Create a Website Account - Manage notification subscriptions, save form progress and more. Website Sign In Government Services Community Business How Do I... Search Home Agenda Center Agenda Center View current agendas and minutes for all boards and commissions. Previous years' agendas and minutes can be found in the Document Center . Adobe Reader may be required to view some documents. Tools RSS Notify Me® Search Agendas by: "
